{"levelWidth":200,"levelLength":200,"roomWidthMin":0,"roomLengthMin":0,"maxIterations":50,"corridorWidth":5,"roomBottomCornerModifier":0.05299999937415123,"roomTopCornerModifier":0.8230000138282776,"roomOffset":2,"chanceOfCover":0.28299999237060549,"coverPadding":0.0}